id,category,date,time,description,name,location,url,photo,notes,confirmed,maps_link
t001,travel,2026-10-05,9:00,London Heathrow → Haneda Airport,British Airways,,,train_plane,,unconfirmed,"https://www.google.com/maps/place/Haneda+Airport/@35.5477009,139.7684885,15z/data=!3m1!4b1!4m6!3m5!1s0x6018640ba43192e3:0xd32c3a9d146f8df!8m2!3d35.5482964!4d139.7779951!16zL20vMDFubG1t!5m1!1e2?entry=ttu&g_ep=EgoyMDI2MDgxOS4wIKXMDSoASAFQAw%3D%3D"
t002,travel,2026-10-20,13:05,Haneda Airport → London Heathrow,British Airways,,,train_plane,,unconfirmed,"https://www.google.com/maps/place/Haneda+Airport/@35.5477009,139.7684885,15z/data=!3m1!4b1!4m6!3m5!1s0x6018640ba43192e3:0xd32c3a9d146f8df!8m2!3d35.5482964!4d139.7779951!16zL20vMDFubG1t!5m1!1e2?entry=ttu&g_ep=EgoyMDI2MDgxOS4wIKXMDSoASAFQAw%3D%3D"
t003,travel,2026-10-05,,Haneda Airport → Yokohama,Keikyu Aiport Line,,,train_keikyu,,unconfirmed,
t004,travel,2026-10-06,,Yokohama → Odawara,JR Tokaido Line,,,train_jrtokaido,,unconfirmed,
t004,travel,2026-10-08,,Odawara → Kyoto,Shinkansen,,,train_shinkansen,,unconfirmed,
t005,travel,2026-10-13,,Kyoto → Koyasan,Gran Tenku,,,train_grantenku,,unconfirmed,
t006,travel,2026-10-14,,Koyasan → Nara,Gran Tenku & Ayoniyoshi,,,train_aoniyoshi,,unconfirmed,
t007,travel,2026-10-15,,Nara → Tokyo,Shinkansen,,,train_shinkansen,,unconfirmed,
t008,travel,2026-10-18,,Asakusa → Nikko,Spacia X,,,train_spaciax,,unconfirmed,
t009,travel,2026-10-18,,Nikko → Asakusa,Spacia X,,,train_spaciax,,unconfirmed,
u001,unplanned,2026-10-06,,Hakone Golden Route,Culture,Hakone,,,,unconfirmed,"https://www.google.com/maps/place/Hakone+Shrine/@35.199656,139.0232677,15.58z/data=!4m10!1m2!2m1!1shakone+shrine!3m6!1s0x6019988bcd2ac2b5:0xaae4a36847c7e09a!8m2!3d35.2048263!4d139.0253782!15sCg1oYWtvbmUgc2hyaW5lWg8iDWhha29uZSBzaHJpbmWSAQ1zaGludG9fc2hyaW5lmgFEQ2k5RFFVbFJRVU52WkVOb2RIbGpSamx2VDJreGFsUnVVa1JUYlhoSlRsZDRUbHBIY0daTldFWTBZVlk1VDFZeFJSQULgAQD6AQQIABAy!16s%2Fm%2F07k8twg!5m1!1e2?entry=ttu&g_ep=EgoyMDI2MDgxOS4wIKXMDSoASAFQAw%3D%3D"
p001,planned,2026-10-06,,Narukawa Art Museum,,Hakone,,narukawa_museum,,unconfirmed,"https://www.google.com/maps/place/Narukawa+Art+Museum/@35.199656,139.0232677,15.58z/data=!4m9!1m2!2m1!1shakone+shrine!3m5!1s0x6019987b54858bfb:0x21ddd54a4bf20d5b!8m2!3d35.2!4d139.0311111!16s%2Fm%2F0nbglfs!5m1!1e2?entry=ttu&g_ep=EgoyMDI2MDgxOS4wIKXMDSoASAFQAw%3D%3D"
p002,planned,2026-10-06,,Hakone Open-Air Museum,,Hakone,,hakone_open_air,,unconfirmed,"https://www.google.com/maps/place/The+Hakone+Open-Air+Museum/@35.2451644,139.0458562,17z/data=!3m1!4b1!4m6!3m5!1s0x6019a204a396f331:0x588e39a7e90a6c5f!8m2!3d35.2451601!4d139.0507271!16s%2Fm%2F0glpsnt!5m1!1e2?entry=ttu&g_ep=EgoyMDI2MDgxOS4wIKXMDSoASAFQAw%3D%3D"
u002,unplanned,2026-10-07,,Hakone - Hike,Hike,Hakone,,,,unconfirmed,
u003,unplanned,2026-10-08,,Gion/Higashiyama Area,Culture,Kyoto,,,,unconfirmed,"https://www.google.com/maps/place/Gion,+Higashiyama+Ward,+Kyoto,+Japan/@35.0044618,135.7737497,16z/data=!3m1!4b1!4m6!3m5!1s0x600108c3c1c67b67:0xdcb04aa1398efb4!8m2!3d35.0037816!4d135.777245!16zL20vMDN5NXNj!5m1!1e2?entry=ttu&g_ep=EgoyMDI2MDgxOS4wIKXMDSoASAFQAw%3D%3D"
p003,planned,2026-10-08,,Geisha Show,,Kyoto,,geisha_performance,,unconfirmed,
u004,unplanned,2026-10-08,,Fushimi Inari,Culture,Kyoto,,,,unconfirmed,"https://www.google.com/maps/place/Fushimi+Inari+Taisha/@34.9676989,135.7766127,17z/data=!3m1!4b1!4m6!3m5!1s0x60010f153d2e6d21:0x7b1aca1c753ae2e9!8m2!3d34.9676945!4d135.7791876!16zL20vMDVsZHJt!5m1!1e2?entry=ttu&g_ep=EgoyMDI2MDgxOS4wIKXMDSoASAFQAw%3D%3D"
u005,unplanned,2026-10-09,,Arishiyama Bamboo Forest,Nature,Kyoto,,,,unconfirmed,"https://www.google.com/maps/place/Arashiyama+Bamboo+Forest/@35.0168231,135.6687264,17z/data=!3m1!4b1!4m6!3m5!1s0x6001abebbf5c8bad:0xfb9ffc7bbdd67cdd!8m2!3d35.0168187!4d135.6713013!16s%2Fg%2F11bx1hnfm7!5m1!1e2?entry=ttu&g_ep=EgoyMDI2MDgxOS4wIKXMDSoASAFQAw%3D%3D"
u006,unplanned,2026-10-09,,Kamemaya Park,Nature,Kyoto,,,,unconfirmed,"https://www.google.com/maps/place/Arashiyama+Park+Kameyama+Area/@35.0160023,135.6701369,17.29z/data=!4m14!1m7!3m6!1s0x6001abebbf5c8bad:0xfb9ffc7bbdd67cdd!2sArashiyama+Bamboo+Forest!8m2!3d35.0168187!4d135.6713013!16s%2Fg%2F11bx1hnfm7!3m5!1s0x6001aa06adc6f49f:0xca892e2244ca2df6!8m2!3d35.0151776!4d135.6713285!16s%2Fg%2F1214fnv8!5m1!1e2?entry=ttu&g_ep=EgoyMDI2MDgxOS4wIKXMDSoASAFQAw%3D%3D"
p004,planned,2026-10-09,,Hozugawa Kudari Boat Ride,,Kyoto,,arashiyama_boat,,unconfirmed,"https://www.google.com/maps/place/Hozugawa+River+Boat+Ride+Start+Point/@35.0178193,135.5894561,15.54z/data=!3m1!5s0x600054c4a5d50dcd:0x30df9f6fa16f66b9!4m14!1m7!3m6!1s0x6001abebbf5c8bad:0xfb9ffc7bbdd67cdd!2sArashiyama+Bamboo+Forest!8m2!3d35.0168187!4d135.6713013!16s%2Fg%2F11bx1hnfm7!3m5!1s0x600054c4aef4efe5:0x33dcd3376bf7a157!8m2!3d35.017202!4d135.5868593!16s%2Fg%2F1260qbtb8!5m1!1e2?entry=ttu&g_ep=EgoyMDI2MDgxOS4wIKXMDSoASAFQAw%3D%3D"
u007,unplanned,2026-10-10,,Imperial Palace,Culture,Kyoto,,,,unconfirmed,"https://www.google.com/maps/place/Otsunegoten+(Imperial+Residential+Palace)/@35.0253537,135.7596362,17z/data=!4m10!1m2!2m1!1skyoto+imperial+palace!3m6!1s0x600109cdd987138b:0x6d9a9b339df38154!8m2!3d35.0253537!4d135.7628155!15sChVreW90byBpbXBlcmlhbCBwYWxhY2VaFyIVa3lvdG8gaW1wZXJpYWwgcGFsYWNlkgERaGVyaXRhZ2VfYnVpbGRpbmeaASRDaGREU1VoTk1HOW5TMFZKUTBGblNVTmliaTE1WlRoUlJSQULgAQD6AQQIZxA8!16s%2Fg%2F11fky_7v9x!5m1!1e2?entry=ttu&g_ep=EgoyMDI2MDgxOS4wIKXMDSoASAFQAw%3D%3D"
u008,unplanned,2026-10-10,,Demachi Masugata Shotengai,Culture,Kyoto,,,,unconfirmed,"https://www.google.com/maps/place/Demachi+Masugata+Shopping+Street/@35.0303736,135.7663492,17z/data=!3m1!4b1!4m6!3m5!1s0x600108686dcaddb1:0xe1a7bf04ac99ed67!8m2!3d35.0303692!4d135.7689241!16s%2Fg%2F11x7vflpk!5m1!1e2?entry=ttu&g_ep=EgoyMDI2MDgxOS4wIKXMDSoASAFQAw%3D%3D"
u009,unplanned,2026-10-10,,Philosopher's Path,Culture,Kyoto,,,,unconfirmed,"https://www.google.com/maps/place/Philosopher's+Path+(Tetsugaku+no+Michi),+North+End/@35.0266238,135.7928821,17z/data=!3m1!4b1!4m6!3m5!1s0x60010908ae94f057:0x917af331a75280f4!8m2!3d35.0266194!4d135.795457!16s%2Fg%2F11n065ssgc!5m1!1e2?entry=ttu&g_ep=EgoyMDI2MDgxOS4wIKXMDSoASAFQAw%3D%3D"
u010,unplanned,2026-10-11,,Minoo Park,Nature,Osaka,,,,unconfirmed,"https://www.google.com/maps/place/Minoh+Park/@34.847075,135.4697715,17z/data=!3m1!4b1!4m6!3m5!1s0x6000f98dcd18275b:0x11b23b2040fdbcea!8m2!3d34.8470706!4d135.4723464!16s%2Fm%2F04ljxfy!5m1!1e2?entry=ttu&g_ep=EgoyMDI2MDgxOS4wIKXMDSoASAFQAw%3D%3D"
u011,unplanned,2026-10-11,,Katsuoji,Culture,Osaka,,,,unconfirmed,"https://www.google.com/maps/place/Katsuoji/@34.8657796,135.4885121,17z/data=!3m1!4b1!4m6!3m5!1s0x6000f979e7347fb5:0xd5ec671c17a3d34!8m2!3d34.8657752!4d135.491087!16s%2Fm%2F02609fz!5m1!1e2?entry=ttu&g_ep=EgoyMDI2MDgxOS4wIKXMDSoASAFQAw%3D%3D"
u012,unplanned,2026-10-12,,Umeda,Urban,Osaka,,,,unconfirmed,"https://www.google.com/maps/place/Umeda,+Kita+Ward,+Osaka,+530-0001,+Japan/@34.7004409,135.4924822,17z/data=!3m1!4b1!4m6!3m5!1s0x6000e68d184cbfed:0xcddcd36b1d3ff7b9!8m2!3d34.7005588!4d135.4957339!16zL20vMDIzcm5f!5m1!1e2?entry=ttu&g_ep=EgoyMDI2MDgxOS4wIKXMDSoASAFQAw%3D%3D"
u013,unplanned,2026-10-12,,Namba Parks,Nature,Osaka,,,,unconfirmed,"https://www.google.com/maps/place/Namba+Parks/@34.6616127,135.49936,17z/data=!3m2!4b1!5s0x6000e7694e0cd475:0xa230d50a64395e10!4m6!3m5!1s0x6000e769456411f5:0xd886c168c9a11f66!8m2!3d34.6616083!4d135.5019349!16zL20vMDJ6bGRi!5m1!1e2?entry=ttu&g_ep=EgoyMDI2MDgxOS4wIKXMDSoASAFQAw%3D%3D"
u014,unplanned,2026-10-13,,Hike - Pilgrimage Trails,Hike,Koyasan,,,,unconfirmed,
p005,planned,2026-10-13,,Okunoin Night Tour,,Koyasan,,okunoin_tour,,unconfirmed,"https://www.google.com/maps/place/Okuno-in+Cemetery/@34.2176977,135.6024782,17z/data=!3m1!4b1!4m6!3m5!1s0x6006d89dd666ecf7:0xd6f75878ad827821!8m2!3d34.2176933!4d135.6050531!16s%2Fg%2F11c59nj9tl!5m1!1e2?entry=ttu&g_ep=EgoyMDI2MDgxOS4wIKXMDSoASAFQAw%3D%3D"
u015,unplanned,2026-10-14,,Nara Park,Nature,Nara,,,,unconfirmed,"https://www.google.com/maps/place/Nara+Park/@34.6850514,135.8404371,17z/data=!3m1!4b1!4m6!3m5!1s0x60013996bd8c6061:0xf96cacf357447456!8m2!3d34.685047!4d135.843012!16s%2Fm%2F02pwmjl!5m1!1e2?entry=ttu&g_ep=EgoyMDI2MDgxOS4wIKXMDSoASAFQAw%3D%3D"
u016,unplanned,2026-10-14,,Naramachi Koshi-no-le,Culture,Nara,,,,unconfirmed,"https://www.google.com/maps/place/Naramachi+Koshi-no-Ie+(Lattice+House)/@34.6746441,135.8221789,15.54z/data=!4m6!3m5!1s0x6001398b258c366b:0x6e8af9f71a586615!8m2!3d34.675011!4d135.830736!16s%2Fg%2F1v3_2ll2!5m1!1e2?entry=ttu&g_ep=EgoyMDI2MDgxOS4wIKXMDSoASAFQAw%3D%3D"
u017,unplanned,2026-10-15,,Kifune Shrine,Culture,Nara,,,,unconfirmed,
u018,unplanned,2026-10-15,,Yasaka Koshindo,Culture,Nara,,,,unconfirmed,
p006,planned,2026-10-15,,Ghibli Museum,,Tokyo,,ghibli_museum,,unconfirmed,"https://www.google.com/maps/place/Ghibli+Museum/@35.6962423,139.5678568,17z/data=!3m2!4b1!5s0x6018ee34ef3b3c69:0x5694d16b01f4ecd8!4m6!3m5!1s0x6018ee34e5038c2d:0x4de155903f849205!8m2!3d35.696238!4d139.5704317!16zL20vMDY5MDY0!5m1!1e2?entry=ttu&g_ep=EgoyMDI2MDgxOS4wIKXMDSoASAFQAw%3D%3D"
u019,unplanned,2026-10-16,,Asakusa,Urban,Tokyo,,,,unconfirmed,"https://www.google.com/maps/place/Asakusa,+Taito+City,+Tokyo+111-0032,+Japan/@35.7170729,139.7936002,16z/data=!3m1!4b1!4m6!3m5!1s0x60188ec2047f5333:0x7c84fd3881c74067!8m2!3d35.7185858!4d139.7958849!16zL20vMDFrNHJf!5m1!1e2?entry=ttu&g_ep=EgoyMDI2MDgxOS4wIKXMDSoASAFQAw%3D%3D"
u020,unplanned,2026-10-16,,Akihabara,urban,Tokyo,,,,unconfirmed,"https://www.google.com/maps/place/Akihabara,+Taito+City,+Tokyo+110-0006,+Japan/@35.7170729,139.7936002,16z/data=!4m6!3m5!1s0x60188ea73ea6f4ff:0x5eb9f1e50fe061e3!8m2!3d35.7022589!4d139.7744733!16s%2Fg%2F11bc6tf5hn!5m1!1e2?entry=ttu&g_ep=EgoyMDI2MDgxOS4wIKXMDSoASAFQAw%3D%3D"
p007,planned,2026-10-16,,Pokémon Cafe,,Tokyo,https://www.pokemon-cafe.jp/en/cafe/,pokemon_cafe,,unconfirmed,"https://www.google.com/maps/place/Pokemon+Cafe+Tokyo+Nihombashi/@35.6806428,139.7718583,17z/data=!3m2!4b1!5s0x601889578ea40c85:0x916b26dc001a1b79!4m6!3m5!1s0x601889578c05994f:0x4194b7a8a0458825!8m2!3d35.6806385!4d139.7744332!16s%2Fg%2F11hcsbc81c!5m1!1e2?entry=ttu&g_ep=EgoyMDI2MDgxOS4wIKXMDSoASAFQAw%3D%3D"
u020,unplanned,2026-10-16,,Imperial Palace,Culture,Tokyo,,,,unconfirmed,"https://www.google.com/maps/place/Imperial+Palace/@35.6851793,139.7502246,17z/data=!3m1!4b1!4m6!3m5!1s0x60188c0d02d8064d:0xd11a5f0b379e6db7!8m2!3d35.685175!4d139.7527995!16zL20vMDFuZjI5!5m1!1e2?entry=ttu&g_ep=EgoyMDI2MDgxOS4wIKXMDSoASAFQAw%3D%3D"
u021,unplanned,2026-10-17,,Odaiba,Urban,Tokyo,,,,unconfirmed,"https://www.google.com/maps/place/Odaiba,+Tokyo,+Japan/@35.6188805,139.7595883,14z/data=!3m1!4b1!4m6!3m5!1s0x601889f82c55d4cb:0x79fe8b211d2010b9!8m2!3d35.6205834!4d139.7805445!16zL20vMDI2dnc0!5m1!1e2?entry=ttu&g_ep=EgoyMDI2MDgxOS4wIKXMDSoASAFQAw%3D%3D"
p008,planned,2026-10-17,,Teamlab: Bordlerless,,Tokyo,https://www.teamlab.art/e/tokyo/,teamlabs_borderless,,unconfirmed,"https://www.google.com/maps/place/teamLab+Borderless:+MORI+Building+DIGITAL+ART+MUSEUM/@35.6620732,139.7406922,17z/data=!3m2!4b1!5s0x60188b9741cfc0d3:0xc91c5c5975739ded!4m6!3m5!1s0x601889fad49a9443:0x5831aba3288d2651!8m2!3d35.6620689!4d139.7432671!16s%2Fg%2F11ggvtjmjl!5m1!1e2?entry=ttu&g_ep=EgoyMDI2MDgxOS4wIKXMDSoASAFQAw%3D%3D"
u022,unplanned,2026-10-17,,Ginza,Urban,Tokyo,,,,unconfirmed,"https://www.google.com/maps/place/Ginza,+Chuo+City,+Tokyo+104-0061,+Japan/@35.6696348,139.7603892,16z/data=!3m1!4b1!4m6!3m5!1s0x60188be701836fbb:0x604685b30ba99851!8m2!3d35.6712228!4d139.7664859!16zL20vMDFrNHQy!5m1!1e2?entry=ttu&g_ep=EgoyMDI2MDgxOS4wIKXMDSoASAFQAw%3D%3D"
u023,unplanned,2026-10-17,,Tokyo Tower,Urban,Tokyo,,,,unconfirmed,"https://www.google.com/maps/place/Tokyo+Tower/@35.6585848,139.742858,17z/data=!3m1!4b1!4m6!3m5!1s0x60188bbd9009ec09:0x481a93f0d2a409dd!8m2!3d35.6585805!4d139.7454329!16zL20vMDEzMl94!5m1!1e2?entry=ttu&g_ep=EgoyMDI2MDgxOS4wIKXMDSoASAFQAw%3D%3D"
p009,planned,2026-10-17,,Mori Museum,,Tokyo,,mori_museum,,unconfirmed,"https://www.google.com/maps/place/Mori+Art+Museum/@35.6604664,139.7267036,17z/data=!3m2!4b1!5s0x60188b770968fbdd:0xade6fa826b6e383d!4m6!3m5!1s0x60188b770f429483:0xff33d131dc8d6e9!8m2!3d35.6604621!4d139.7292785!16s%2Fm%2F0g5t56r!5m1!1e2?entry=ttu&g_ep=EgoyMDI2MDgxOS4wIKXMDSoASAFQAw%3D%3D"
u024,unplanned,2026-10-18,,Shoyoen Garden,Nature,Nikko,,,,unconfirmed,"https://www.google.com/maps/place/Sh%C5%8Dy%C5%8D-en+Garden/@36.7351751,139.6238334,12.92z/data=!4m6!3m5!1s0x601fa735f03fa041:0x759b74afe29ed427!8m2!3d36.7541643!4d139.6007381!16s%2Fm%2F0gx08rf!5m1!1e2?entry=ttu&g_ep=EgoyMDI2MDgxOS4wIKXMDSoASAFQAw%3D%3D"
u025,unplanned,2026-10-18,,Toshogu Shrine,Culture,Nikko,,,,unconfirmed,"https://www.google.com/maps/place/Nikk%C5%8D+T%C5%8Dsh%C5%8Dg%C5%AB/@36.7580921,139.5961717,17z/data=!3m1!4b1!4m6!3m5!1s0x601fa6c553212035:0xab505b717af00e94!8m2!3d36.7580878!4d139.5987466!16zL20vMDQ3ZzAx!5m1!1e2?entry=ttu&g_ep=EgoyMDI2MDgxOS4wIKXMDSoASAFQAw%3D%3D"
u026,unplanned,2026-10-18,,Tamozawa Imperial Villa,Temple,Nikko,,,,unconfirmed,"https://www.google.com/maps/place/Nikko+Tamozawa+Imperial+Villa+Memorial+Park/@36.752535,139.5885672,17z/data=!3m1!4b1!4m6!3m5!1s0x601fa6ddaa58320b:0x236c0699defb3f50!8m2!3d36.7525307!4d139.5911421!16s%2Fg%2F122w1dtp!5m1!1e2?entry=ttu&g_ep=EgoyMDI2MDgxOS4wIKXMDSoASAFQAw%3D%3D"
u027,unplanned,2026-10-19,,Shinjuku,Urban,Tokyo,,,,unconfirmed,"https://www.google.com/maps/place/Shinjuku+City,+Tokyo,+Japan/@35.701622,139.6885977,14z/data=!3m1!4b1!4m6!3m5!1s0x60188d2059b7fd4b:0xec61c68fe232efd2!8m2!3d35.6938253!4d139.7033559!16zL20vMDEyeGoy!5m1!1e2?entry=ttu&g_ep=EgoyMDI2MDgxOS4wIKXMDSoASAFQAw%3D%3D"
u028,unplanned,2026-10-19,,Meiji Shrine,Temple,Tokyo,,,,unconfirmed,"https://www.google.com/maps/place/Meiji+Jingu/@35.6764019,139.696751,17z/data=!3m1!4b1!4m6!3m5!1s0x60188cb79a4c26e5:0x8fca893849103f73!8m2!3d35.6763976!4d139.6993259!16zL20vMDFxX2s5!5m1!1e2?entry=ttu&g_ep=EgoyMDI2MDgxOS4wIKXMDSoASAFQAw%3D%3D"
u029,unplanned,2026-10-19,,Shibuya,Urban,Tokyo,,,,unconfirmed,"https://www.google.com/maps/place/Shibuya,+Tokyo,+Japan/@35.6764019,139.696751,17z/data=!4m6!3m5!1s0x60188cb2eb3108d1:0xf11cd9b2395b6677!8m2!3d35.6619707!4d139.703795!16zL20vMDEyeGt5!5m1!1e2?entry=ttu&g_ep=EgoyMDI2MDgxOS4wIKXMDSoASAFQAw%3D%3D"
u030,unplanned,2026-10-19,,Shibuya Sky,,Tokyo,,shibuya_sky,,unconfirmed,"https://www.google.com/maps/place/Shibuya+Sky/@35.6586762,139.6994099,17z/data=!3m2!4b1!5s0x60188b7b9c819b61:0x92144cdf397130f5!4m6!3m5!1s0x60188b6825f61ae1:0x6ff47ee61e522473!8m2!3d35.6586719!4d139.7019848!16s%2Fg%2F11hdvt_gp9!5m1!1e2?entry=ttu&g_ep=EgoyMDI2MDgxOS4wIKXMDSoASAFQAw%3D%3D"